email,nombre
crojas.realtor@gmail.com,Carlos
lazarorealtor21@gmail.com,Lazaro
cesarrubio.miami@gmail.com,Cesar
claudiatejedarealtor@gmail.com,Claudia
deboragomezrealtor@gmail.com,Débora
andreapalaciosrealtor@gmail.com,Andrea
Brigittedasilvarealtor@gmail.com,Brigitte
johnsyourrealtor@gmail.com,John
luis.bornancini@gmail.com,Luis
addressmiami@gmail.com,Equipo
ruben.alvarez@elliman.com,Ruben
palfaro@elliman.com,Alfaro
dina@elliman.com,Dina
julian.acosta@compass.com,Julian
alex.adler@compass.com,Alex
evelyn.alcala@compass.com,Evelyn
natalie.aballi@compass.com,Natalie
iliana.abella@compass.com,Iliana
orlando.abella@compass.com,Orlando
alex.abella@compass.com,Alex
patricia.agudelo@compass.com,Patricia
Miltiadis@compass.com,Miltiadis
carolinaarenas@compass.com,Carolina
jacqueline.joseph@compass.com,Jacqueline
pat.ambrose@compass.com,Patricia
